chain,resid_i,resname_i,resid_j,resname_j,contact_i_index,contact_j_index,gn,gc,Gn,Gc,crossingsN,crossingsC,crossings
SYSTEM,15,LEU,208,SER,14,207,-0.809,-0.571,1,0,-7,,-7
SYSTEM,15,LEU,209,ASN,14,208,-0.809,-0.666,1,1,-7,,-7
SYSTEM,15,LEU,210,ASP,14,209,-0.810,-0.596,1,0,-7,,-7
SYSTEM,15,LEU,211,CYS,14,210,-0.809,-0.589,1,0,-7,,-7
SYSTEM,15,LEU,239,GLY,14,238,-0.799,-0.926,1,1,-7,,-7
SYSTEM,16,TYR,194,THR,15,193,-1.070,-0.509,1,0,-7 -9,,-7 -9
SYSTEM,16,TYR,197,ARG,15,196,-1.078,-0.515,1,0,-7,,-7
SYSTEM,16,TYR,202,LEU,15,201,-1.089,-0.592,1,0,-7,,-7
SYSTEM,16,TYR,206,GLU,15,205,-1.098,-0.607,1,1,-7,,-7
SYSTEM,16,TYR,207,PHE,15,206,-1.098,-0.531,1,0,-7 -9,,-7 -9
SYSTEM,16,TYR,208,SER,15,207,-1.096,-0.585,1,0,-7 -9,,-7 -9
SYSTEM,16,TYR,210,ASP,15,209,-1.095,-0.606,1,1,-7,,-7
SYSTEM,17,ILE,185,PHE,16,184,-1.205,-0.378,1,0,-7 -9,,-7 -9
SYSTEM,17,ILE,190,LEU,16,189,-1.200,-0.516,1,0,-7 -10,,-7 -10
SYSTEM,17,ILE,191,PRO,16,190,-1.203,-0.519,1,0,-7 -10,,-7 -10
SYSTEM,17,ILE,192,ARG,16,191,-1.206,-0.485,1,0,-7 -10,,-7 -10
SYSTEM,17,ILE,193,ASN,16,192,-1.209,-0.521,1,0,-7 -10,,-7 -10
SYSTEM,17,ILE,194,THR,16,193,-1.211,-0.484,1,0,-7,,-7
SYSTEM,17,ILE,210,ASP,16,209,-1.265,-0.595,1,0,-7 -10,,-7 -10
SYSTEM,17,ILE,211,CYS,16,210,-1.264,-0.587,1,0,-7 -9,,-7 -9
SYSTEM,18,THR,192,ARG,17,191,-1.381,-0.474,1,0,-7 -10,,-7 -10
SYSTEM,18,THR,193,ASN,17,192,-1.385,-0.509,1,0,-7 -9,,-7 -9
SYSTEM,18,THR,194,THR,17,193,-1.388,-0.475,1,0,-7 -10,,-7 -10
SYSTEM,18,THR,196,LYS,17,195,-1.398,-0.492,1,0,-7 -9,,-7 -9
SYSTEM,19,GLY,192,ARG,18,191,-1.458,-0.466,1,0,-7 -10,,-7 -10
SYSTEM,20,GLN,186,LYS,19,185,-1.412,-0.555,1,0,-7 -9,,-7 -9
SYSTEM,20,GLN,192,ARG,19,191,-1.410,-0.466,1,0,-7,,-7
SYSTEM,21,ARG,156,VAL,20,155,-0.952,-0.187,1,0,-7,,-7
SYSTEM,24,GLY,186,LYS,23,185,-1.664,-0.556,2,0,-7 -9,,-7 -9
SYSTEM,25,TYR,156,VAL,24,155,-1.086,-0.167,1,0,-7,,-7
SYSTEM,25,TYR,157,GLY,24,156,-1.089,-0.120,1,0,-7,,-7
SYSTEM,26,HIS,185,PHE,25,184,-1.684,-0.539,2,0,-7 -9,,-7 -9
SYSTEM,26,HIS,186,LYS,25,185,-1.660,-0.558,2,0,-7 -9,,-7 -9
SYSTEM,26,HIS,190,LEU,25,189,-1.610,-0.521,2,0,-7 -9,,-7 -9
SYSTEM,26,HIS,192,ARG,25,191,-1.594,-0.486,1,0,-7 -9,,-7 -9
SYSTEM,27,THR,155,GLY,26,154,-1.047,-0.128,1,0,-7,,-7
SYSTEM,28,LEU,153,ALA,27,152,-1.036,-0.092,1,0,-7,,-7
SYSTEM,28,LEU,154,GLU,27,153,-1.038,-0.160,1,0,-7,,-7
SYSTEM,28,LEU,155,GLY,27,154,-1.031,-0.070,1,0,-7,,-7
SYSTEM,29,GLN,152,PHE,28,151,-0.969,-0.035,1,0,-7,,-7
SYSTEM,29,GLN,153,ALA,28,152,-0.911,-0.057,1,0,-7,,-7
SYSTEM,29,GLN,154,GLU,28,153,-0.911,-0.132,1,0,-7,,-7
SYSTEM,29,GLN,195,PRO,28,194,-1.107,-0.542,1,0,-7,,-7
SYSTEM,29,GLN,196,LYS,28,195,-1.053,-0.556,1,0,-7,,-7
SYSTEM,29,GLN,197,ARG,28,196,-1.066,-0.544,1,0,-7,,-7
SYSTEM,29,GLN,202,LEU,28,201,-1.086,-0.621,1,1,-7,,-7
SYSTEM,30,THR,151,ALA,29,150,-1.011,0.086,1,0,-7,,-7
SYSTEM,30,THR,152,PHE,29,151,-1.003,-0.094,1,0,-7,,-7
SYSTEM,30,THR,153,ALA,29,152,-0.945,-0.107,1,0,-7,,-7
SYSTEM,31,LEU,151,ALA,30,150,-0.932,-0.004,1,0,-7,,-7
SYSTEM,31,LEU,152,PHE,30,151,-0.923,-0.180,1,0,-7,,-7
SYSTEM,31,LEU,163,VAL,30,162,-0.989,-0.098,1,0,-7,,-7
SYSTEM,31,LEU,165,PRO,30,164,-1.042,-0.125,1,0,-7,,-7
SYSTEM,31,LEU,203,LEU,30,202,-1.144,-0.722,1,1,-7,,-7
SYSTEM,31,LEU,207,PHE,30,206,-1.218,-0.561,1,0,-7 -9,,-7 -9
SYSTEM,32,PHE,141,ASP,31,140,-0.765,0.019,1,0,-7,,-7
SYSTEM,32,PHE,144,VAL,31,143,-0.866,-0.048,1,0,-7,,-7
SYSTEM,32,PHE,150,ALA,31,149,-0.968,-0.014,1,0,-7,,-7
SYSTEM,32,PHE,151,ALA,31,150,-0.939,-0.128,1,0,-7,,-7
SYSTEM,32,PHE,153,ALA,31,152,-0.871,-0.298,1,0,-7,,-7
SYSTEM,33,GLN,150,ALA,32,149,-0.848,-0.087,1,0,-6,,-6
SYSTEM,33,GLN,165,PRO,32,164,-0.948,-0.153,1,0,-7,,-7
SYSTEM,33,GLN,166,PRO,32,165,-0.981,-0.137,1,0,-7,,-7
SYSTEM,33,GLN,167,GLU,32,166,-0.988,-0.101,1,0,-7,,-7
SYSTEM,33,GLN,170,TYR,32,169,-1.076,-0.321,1,0,-7,,-7
SYSTEM,33,GLN,272,GLY,32,271,-1.153,0.000,1,0,-9,,-9
SYSTEM,33,GLN,273,ALA,32,272,-1.108,0.000,1,0,-10,,-10
SYSTEM,33,GLN,274,ASN,32,273,-1.064,0.000,1,0,-10,,-10
SYSTEM,34,PHE,144,VAL,33,143,-0.715,-0.091,1,0,-6,,-6
SYSTEM,34,PHE,145,PHE,33,144,-0.710,-0.040,1,0,-6,,-6
SYSTEM,34,PHE,148,GLY,33,147,-0.771,0.074,1,0,-6,,-6
SYSTEM,34,PHE,149,HIS,33,148,-0.801,0.069,1,0,-6,,-6
SYSTEM,34,PHE,150,ALA,33,149,-0.817,-0.063,1,0,-6,,-6
SYSTEM,34,PHE,271,LYS,33,270,-1.166,-0.007,1,0,-9,,-9
SYSTEM,34,PHE,272,GLY,33,271,-1.127,0.000,1,0,-10,,-10
SYSTEM,34,PHE,273,ALA,33,272,-1.080,0.000,1,0,-10,,-10
SYSTEM,34,PHE,274,ASN,33,273,-1.035,0.000,1,0,-10,,-10
SYSTEM,34,PHE,275,LEU,33,274,-1.015,0.000,1,0,-10,,-10
SYSTEM,34,PHE,276,SER,33,275,-0.995,0.000,1,0,-10,,-10
SYSTEM,34,PHE,277,PRO,33,276,-1.039,0.000,1,0,-10,,-10
SYSTEM,35,LEU,170,TYR,34,169,-0.873,-0.107,1,0,-7,,-7
SYSTEM,35,LEU,172,VAL,34,171,-0.929,-0.254,1,0,-7,,-7
SYSTEM,35,LEU,268,PHE,34,267,-1.084,0.110,1,0,-9,,-9
SYSTEM,35,LEU,270,ALA,34,269,-1.031,0.105,1,0,-9,,-9
SYSTEM,35,LEU,271,LYS,34,270,-0.990,0.001,1,0,-9,,-9
SYSTEM,35,LEU,272,GLY,34,271,-0.951,0.000,1,0,-10,,-10
SYSTEM,35,LEU,277,PRO,34,276,-0.868,0.000,1,0,-10,,-10
SYSTEM,36,ASP,271,LYS,35,270,-0.874,0.007,1,0,-10,,-10
SYSTEM,36,ASP,277,PRO,35,276,-0.750,0.000,1,0,-10,,-10
SYSTEM,37,TYR,268,PHE,36,267,-0.778,0.133,1,0,-9 +30,,-9 +30
SYSTEM,37,TYR,270,ALA,36,269,-0.728,0.109,1,0,-10 +30,,-10 +30
